{
    "Centaur": {
        "constanta": 0.000788081020399124,
        "Constanta120": 97.75,
        "freq_list": [ 0.005, 0.01, 0.02, 0.05, 0.1, 0.2, 0.5, 1, 2, 5, 10, 15 ],
        "freq_volt": {
            "0.005": 0.05,
            "0.01": 0.05,
            "0.02": 0.05,
            "0.05": 0.05,
            "0.1": 0.1,
            "0.2": 0.1,
            "0.5": 0.1,
            "1": 1,
            "2": 1,
            "5": 1,
            "10": 1,
            "15": 2
        },
        "opt_windowed": {
            "0.005": 100,
            "0.01": 100,
            "0.02": 100,
            "0.05": 90,
            "0.1": 70,
            "0.2": 65,
            "0.5": 60,
            "1": 30,
            "2": 15,
            "5": 5,
            "10": 3,
            "15": 3
        }
    },
    "Q330": {
        "constanta": 0.0000161935461400047,
        "Constanta120": 0,
        "freq_list": [ 0.5, 1, 2, 5, 7, 10 ],
        "freq_volt": {
            "0.5": 0.078,
            "1": 0.078,
            "2": 0.078,
            "5": 0.078,
            "7": 0.078,
            "10": 0.078
        },
        "opt_windowed": {
            "0.05": 90,
            "0.5": 30,
            "1": 30,
            "2": 15,
            "5": 5,
            "7": 3,
            "10": 3
        }
    }
}